{"cameraMode":{"drawMode":0,"name":"Shaded","section":"Shading Mode"},"sceneLighting":true,"audioPlay":false,"sceneViewState":{"showFog":false,"showMaterialUpdate":false,"showSkybox":false,"showFlares":false,"showImageEffects":false,"showParticleSystems":false},"in2DMode":false,"pivot":{"x":3.783679485321045,"y":-1.4205344915390015,"z":8.615145683288575},"rotation":{"x":0.15339969098567964,"y":0.4140316843986511,"z":-0.0709204375743866,"w":0.8944783210754395},"size":35.86384963989258,"orthographic":false}