{"cameraMode":{"drawMode":0,"name":"Shaded","section":"Shading Mode"},"sceneLighting":false,"audioPlay":false,"sceneViewState":{"showFog":false,"showMaterialUpdate":false,"showSkybox":false,"showFlares":false,"showImageEffects":false,"showParticleSystems":false},"in2DMode":false,"pivot":{"x":8.858419418334961,"y":-0.1617252379655838,"z":-20.44470977783203},"rotation":{"x":0.007437731139361858,"y":0.9780631065368652,"z":-0.03553279489278793,"w":0.2053864300251007},"size":22.989999771118165,"orthographic":false}