{"cameraMode":{"drawMode":0,"name":"Shaded","section":"Shading Mode"},"sceneLighting":false,"audioPlay":false,"sceneViewState":{"showFog":false,"showMaterialUpdate":false,"showSkybox":false,"showFlares":false,"showImageEffects":false,"showParticleSystems":false},"in2DMode":false,"pivot":{"x":-2.5244102478027345,"y":-3.552499294281006,"z":-11.262200355529786},"rotation":{"x":0.02672445960342884,"y":-0.9710962772369385,"z":0.19668199121952058,"w":0.1328469216823578},"size":14.738635063171387,"orthographic":false}