{"cameraMode":{"drawMode":0,"name":"Shaded","section":"Shading Mode"},"sceneLighting":false,"audioPlay":false,"sceneViewState":{"showFog":false,"showMaterialUpdate":false,"showSkybox":false,"showFlares":false,"showImageEffects":false,"showParticleSystems":false},"in2DMode":false,"pivot":{"x":1.251672625541687,"y":-1.5548806190490723,"z":3.234952449798584},"rotation":{"x":0.010120021179318428,"y":-0.9704151749610901,"z":0.2377958595752716,"w":0.041378434747457507},"size":0.571576714515686,"orthographic":false}