{"cameraMode":{"drawMode":0,"name":"Shaded","section":"Shading Mode"},"sceneLighting":false,"audioPlay":false,"sceneViewState":{"showFog":false,"showMaterialUpdate":false,"showSkybox":false,"showFlares":false,"showImageEffects":false,"showParticleSystems":false},"in2DMode":false,"pivot":{"x":-0.49437618255615237,"y":2.3156347274780275,"z":-3.708735704421997},"rotation":{"x":-0.10855890810489655,"y":-0.3992141783237457,"z":0.04760013148188591,"w":-0.9092170000076294},"size":5.710623741149902,"orthographic":false}