{"cameraMode":{"drawMode":0,"name":"Shaded","section":"Shading Mode"},"sceneLighting":false,"audioPlay":false,"sceneViewState":{"showFog":false,"showMaterialUpdate":false,"showSkybox":false,"showFlares":false,"showImageEffects":false,"showParticleSystems":false},"in2DMode":false,"pivot":{"x":-1.9744951725006104,"y":-1.149999976158142,"z":3.641465187072754},"rotation":{"x":0.22117076814174653,"y":-0.08150707185268402,"z":0.018551290035247804,"w":0.9716548919677734},"size":3.5234358310699465,"orthographic":false}