{"cameraMode":{"drawMode":0,"name":"Shaded","section":"Shading Mode"},"sceneLighting":true,"audioPlay":false,"sceneViewState":{"showFog":false,"showMaterialUpdate":false,"showSkybox":false,"showFlares":false,"showImageEffects":false,"showParticleSystems":false},"in2DMode":false,"pivot":{"x":4.670652389526367,"y":20.429277420043947,"z":-12.670034408569336},"rotation":{"x":0.31626200675964358,"y":-0.2418961524963379,"z":0.08387038111686707,"w":0.9135481119155884},"size":8.914238929748536,"orthographic":false}