{"cameraMode":{"drawMode":0,"name":"Shaded","section":"Shading Mode"},"sceneLighting":false,"audioPlay":false,"sceneViewState":{"showFog":false,"showMaterialUpdate":false,"showSkybox":false,"showFlares":false,"showImageEffects":false,"showParticleSystems":false},"in2DMode":false,"pivot":{"x":-6.81512451171875,"y":5.840434551239014,"z":16.279626846313478},"rotation":{"x":0.15759985148906709,"y":-0.6357485055923462,"z":0.13468775153160096,"w":0.7436445355415344},"size":2.8783650398254396,"orthographic":false}