{"cameraMode":{"drawMode":0,"name":"Shaded","section":"Shading Mode"},"sceneLighting":false,"audioPlay":false,"sceneViewState":{"showFog":false,"showMaterialUpdate":false,"showSkybox":false,"showFlares":false,"showImageEffects":false,"showParticleSystems":false},"in2DMode":false,"pivot":{"x":2.345906972885132,"y":0.41912898421287539,"z":4.358913421630859},"rotation":{"x":0.12642456591129304,"y":-0.7402649521827698,"z":0.1453046053647995,"w":0.644188404083252},"size":0.46560803055763247,"orthographic":false}