{"cameraMode":{"drawMode":0,"name":"Shaded","section":"Shading Mode"},"sceneLighting":false,"audioPlay":false,"sceneViewState":{"showFog":false,"showMaterialUpdate":false,"showSkybox":false,"showFlares":false,"showImageEffects":false,"showParticleSystems":false},"in2DMode":false,"pivot":{"x":0.0216217041015625,"y":0.9044933319091797,"z":-0.07795047760009766},"rotation":{"x":-0.05063946172595024,"y":0.8715588450431824,"z":-0.09211806207895279,"w":-0.4789848327636719},"size":55.42502975463867,"orthographic":false}