{"cameraMode":{"drawMode":0,"name":"Shaded","section":"Shading Mode"},"sceneLighting":false,"audioPlay":false,"sceneViewState":{"showFog":false,"showMaterialUpdate":false,"showSkybox":false,"showFlares":false,"showImageEffects":false,"showParticleSystems":false},"in2DMode":false,"pivot":{"x":-87.12774658203125,"y":52.926971435546878,"z":-12.40897274017334},"rotation":{"x":-0.09137916564941406,"y":-0.9076458215713501,"z":0.31270405650138857,"w":-0.2649949789047241},"size":240.42208862304688,"orthographic":false}