{"cameraMode":{"drawMode":0,"name":"Shaded","section":"Shading Mode"},"sceneLighting":false,"audioPlay":false,"sceneViewState":{"showFog":false,"showMaterialUpdate":false,"showSkybox":false,"showFlares":false,"showImageEffects":false,"showParticleSystems":false},"in2DMode":false,"pivot":{"x":-12.664666175842286,"y":-8.657267570495606,"z":-12.687359809875489},"rotation":{"x":-0.09450937062501908,"y":0.8934532403945923,"z":-0.22319965064525605,"w":-0.37828707695007326},"size":22.989999771118165,"orthographic":false}