{"cameraMode":{"drawMode":0,"name":"Shaded","section":"Shading Mode"},"sceneLighting":false,"audioPlay":false,"sceneViewState":{"showFog":false,"showMaterialUpdate":false,"showSkybox":false,"showFlares":false,"showImageEffects":false,"showParticleSystems":false},"in2DMode":false,"pivot":{"x":-23.13901710510254,"y":0.9972296357154846,"z":50.72652816772461},"rotation":{"x":-0.03319857642054558,"y":-0.8226596713066101,"z":0.048509322106838229,"w":-0.5656628608703613},"size":0.024090392515063287,"orthographic":false}