{"cameraMode":{"drawMode":0,"name":"Shaded","section":"Shading Mode"},"sceneLighting":false,"audioPlay":false,"sceneViewState":{"showFog":false,"showMaterialUpdate":false,"showSkybox":false,"showFlares":false,"showImageEffects":false,"showParticleSystems":false},"in2DMode":false,"pivot":{"x":10.264726638793946,"y":0.06870312243700028,"z":9.150408744812012},"rotation":{"x":-0.01711217314004898,"y":-0.3573353588581085,"z":0.006516215857118368,"w":-0.9338638186454773},"size":7.989081859588623,"orthographic":false}