{"cameraMode":{"drawMode":0,"name":"Shaded","section":"Shading Mode"},"sceneLighting":false,"audioPlay":false,"sceneViewState":{"showFog":false,"showMaterialUpdate":false,"showSkybox":false,"showFlares":false,"showImageEffects":false,"showParticleSystems":false},"in2DMode":false,"pivot":{"x":11.391881942749024,"y":-10.318161964416504,"z":-1.9595352411270142},"rotation":{"x":-0.06824547052383423,"y":0.7564271092414856,"z":-0.07995054125785828,"w":-0.6455989480018616},"size":0.44860294461250307,"orthographic":false}