{"cameraMode":{"drawMode":0,"name":"Shaded","section":"Shading Mode"},"sceneLighting":true,"audioPlay":false,"sceneViewState":{"showFog":true,"showMaterialUpdate":true,"showSkybox":true,"showFlares":true,"showImageEffects":true,"showParticleSystems":true},"in2DMode":false,"pivot":{"x":-4.078110218048096,"y":0.6021139621734619,"z":6.7066240310668949},"rotation":{"x":-0.0012026800541207195,"y":0.9942775368690491,"z":-0.10660453140735626,"w":-0.010769064538180828},"size":1.4625060558319092,"orthographic":false}