{"cameraMode":{"drawMode":0,"name":"Shaded","section":"Shading Mode"},"sceneLighting":false,"audioPlay":false,"sceneViewState":{"showFog":false,"showMaterialUpdate":false,"showSkybox":false,"showFlares":false,"showImageEffects":false,"showParticleSystems":false},"in2DMode":false,"pivot":{"x":-34.64214324951172,"y":2.406046152114868,"z":-0.1792319267988205},"rotation":{"x":-0.0010044273221865297,"y":-0.9988710284233093,"z":0.027290817350149156,"w":-0.04132956638932228},"size":0.024090392515063287,"orthographic":false}