{"cameraMode":{"drawMode":0,"name":"Shaded","section":"Shading Mode"},"sceneLighting":false,"audioPlay":false,"sceneViewState":{"showFog":false,"showMaterialUpdate":false,"showSkybox":false,"showFlares":false,"showImageEffects":false,"showParticleSystems":false},"in2DMode":false,"pivot":{"x":65.51532745361328,"y":34.25343322753906,"z":-5.192887306213379},"rotation":{"x":0.2238391786813736,"y":-0.6169806718826294,"z":0.18902131915092469,"w":0.7305220365524292},"size":2.8783650398254396,"orthographic":false}