{"cameraMode":{"drawMode":0,"name":"Shaded","section":"Shading Mode"},"sceneLighting":true,"audioPlay":false,"sceneViewState":{"showFog":false,"showMaterialUpdate":false,"showSkybox":false,"showFlares":false,"showImageEffects":false,"showParticleSystems":false},"in2DMode":false,"pivot":{"x":10.979093551635743,"y":-5.839374542236328,"z":2.6861114501953127},"rotation":{"x":0.09996257722377777,"y":0.8297173976898193,"z":-0.15771636366844178,"w":0.5262280702590942},"size":0.44860270619392397,"orthographic":false}