{"cameraMode":{"drawMode":0,"name":"Shaded","section":"Shading Mode"},"sceneLighting":false,"audioPlay":false,"sceneViewState":{"showFog":false,"showMaterialUpdate":false,"showSkybox":false,"showFlares":false,"showImageEffects":false,"showParticleSystems":false},"in2DMode":false,"pivot":{"x":11.160975456237793,"y":-10.35474967956543,"z":-1.5978039503097535},"rotation":{"x":-0.06985559314489365,"y":-0.7968485355377197,"z":0.09391074627637863,"w":-0.5927674770355225},"size":0.44860294461250307,"orthographic":false}