{"cameraMode":{"drawMode":0,"name":"Shaded","section":"Shading Mode"},"sceneLighting":true,"audioPlay":false,"sceneViewState":{"showFog":true,"showMaterialUpdate":true,"showSkybox":true,"showFlares":true,"showImageEffects":true,"showParticleSystems":true},"in2DMode":false,"pivot":{"x":-0.5272292494773865,"y":2.067596673965454,"z":0.2866951823234558},"rotation":{"x":-0.11837408691644669,"y":-0.6332939863204956,"z":0.0988142117857933,"w":-0.7584288716316223},"size":1.4625060558319092,"orthographic":false}