{"cameraMode":{"drawMode":0,"name":"Shaded","section":"Shading Mode"},"sceneLighting":true,"audioPlay":false,"sceneViewState":{"showFog":true,"showMaterialUpdate":true,"showSkybox":true,"showFlares":true,"showImageEffects":true,"showParticleSystems":true},"in2DMode":false,"pivot":{"x":0.029179241508245469,"y":2.077200174331665,"z":0.7879014015197754},"rotation":{"x":-0.030426057055592538,"y":-0.6830223798751831,"z":-0.028484150767326356,"w":0.7292323708534241},"size":0.4825143814086914,"orthographic":false}