{"cameraMode":{"drawMode":0,"name":"Shaded","section":"Shading Mode"},"sceneLighting":true,"audioPlay":false,"sceneViewState":{"showFog":true,"showMaterialUpdate":true,"showSkybox":false,"showFlares":true,"showImageEffects":true,"showParticleSystems":true},"in2DMode":false,"pivot":{"x":0.23344266414642335,"y":-5.69387674331665,"z":-10.296589851379395},"rotation":{"x":0.013059592805802822,"y":0.9705015420913696,"z":-0.23473139107227326,"w":0.053895413875579837},"size":17.121976852416993,"orthographic":false}