{"cameraMode":{"drawMode":0,"name":"Shaded","section":"Shading Mode"},"sceneLighting":true,"audioPlay":false,"sceneViewState":{"showFog":false,"showMaterialUpdate":false,"showSkybox":false,"showFlares":false,"showImageEffects":false,"showParticleSystems":false},"in2DMode":false,"pivot":{"x":-18.46921730041504,"y":-4.3078742027282719,"z":-14.938532829284668},"rotation":{"x":-0.037758324295282367,"y":0.8561723232269287,"z":-0.06334573030471802,"w":-0.5114877223968506},"size":212.8159942626953,"orthographic":false}