{"cameraMode":{"drawMode":0,"name":"Shaded","section":"Shading Mode"},"sceneLighting":false,"audioPlay":false,"sceneViewState":{"showFog":false,"showMaterialUpdate":false,"showSkybox":false,"showFlares":false,"showImageEffects":false,"showParticleSystems":false},"in2DMode":false,"pivot":{"x":-0.5845519304275513,"y":1.8616608381271363,"z":-1.431640863418579},"rotation":{"x":-0.23038972914218903,"y":-0.3851815164089203,"z":0.0998736023902893,"w":-0.8880772590637207},"size":5.710623741149902,"orthographic":false}