{"cameraMode":{"drawMode":0,"name":"Shaded","section":"Shading Mode"},"sceneLighting":false,"audioPlay":false,"sceneViewState":{"showFog":false,"showMaterialUpdate":false,"showSkybox":false,"showFlares":false,"showImageEffects":false,"showParticleSystems":false},"in2DMode":false,"pivot":{"x":7.171876907348633,"y":2.6770315170288088,"z":-2.910148859024048},"rotation":{"x":0.13535380363464356,"y":0.8137013912200928,"z":-0.20976805686950684,"w":0.5249846577644348},"size":0.46478766202926638,"orthographic":false}