{"cameraMode":{"drawMode":0,"name":"Shaded","section":"Shading Mode"},"sceneLighting":false,"audioPlay":false,"sceneViewState":{"showFog":false,"showMaterialUpdate":false,"showSkybox":false,"showFlares":false,"showImageEffects":false,"showParticleSystems":false},"in2DMode":false,"pivot":{"x":-0.6200551986694336,"y":0.8759491443634033,"z":0.5534634590148926},"rotation":{"x":0.09198611974716187,"y":0.8813158273696899,"z":-0.1923018991947174,"w":0.42180904746055605},"size":7.321118354797363,"orthographic":false}