{"cameraMode":{"drawMode":0,"name":"Shaded","section":"Shading Mode"},"sceneLighting":false,"audioPlay":false,"sceneViewState":{"showFog":false,"showMaterialUpdate":false,"showSkybox":false,"showFlares":false,"showImageEffects":false,"showParticleSystems":false},"in2DMode":false,"pivot":{"x":2.4890758991241457,"y":0.35190117359161379,"z":4.140753269195557},"rotation":{"x":0.10518687963485718,"y":-0.8872348666191101,"z":0.25015756487846377,"w":0.373147189617157},"size":0.46560803055763247,"orthographic":false}