{"cameraMode":{"drawMode":0,"name":"Shaded","section":"Shading Mode"},"sceneLighting":false,"audioPlay":false,"sceneViewState":{"showFog":false,"showMaterialUpdate":false,"showSkybox":false,"showFlares":false,"showImageEffects":false,"showParticleSystems":false},"in2DMode":false,"pivot":{"x":19.31892204284668,"y":-11.799028396606446,"z":26.513700485229493},"rotation":{"x":0.15116572380065919,"y":0.5291828513145447,"z":-0.09649386256933212,"w":0.8293631672859192},"size":46.40807342529297,"orthographic":false}