{"cameraMode":{"drawMode":0,"name":"Shaded","section":"Shading Mode"},"sceneLighting":false,"audioPlay":false,"sceneViewState":{"showFog":false,"showMaterialUpdate":false,"showSkybox":false,"showFlares":false,"showImageEffects":false,"showParticleSystems":false},"in2DMode":false,"pivot":{"x":4.80873441696167,"y":3.326467514038086,"z":-0.7652428150177002},"rotation":{"x":0.24109676480293275,"y":-0.22997620701789857,"z":0.058915454894304278,"w":0.9410279989242554},"size":2.8578836917877199,"orthographic":false}