{"cameraMode":{"drawMode":0,"name":"Shaded","section":"Shading Mode"},"sceneLighting":false,"audioPlay":false,"sceneViewState":{"showFog":false,"showMaterialUpdate":false,"showSkybox":false,"showFlares":false,"showImageEffects":false,"showParticleSystems":false},"in2DMode":false,"pivot":{"x":-18.333419799804689,"y":-4.330924034118652,"z":13.79016399383545},"rotation":{"x":-0.09051809459924698,"y":0.4609644412994385,"z":-0.0473099946975708,"w":-0.8815865516662598},"size":22.989999771118165,"orthographic":false}