{"cameraMode":{"drawMode":0,"name":"Shaded","section":"Shading Mode"},"sceneLighting":false,"audioPlay":false,"sceneViewState":{"showFog":false,"showMaterialUpdate":false,"showSkybox":false,"showFlares":false,"showImageEffects":false,"showParticleSystems":false},"in2DMode":false,"pivot":{"x":-2.8865883350372316,"y":-1.4473867416381837,"z":4.002745628356934},"rotation":{"x":0.22117076814174653,"y":-0.08150707185268402,"z":0.018551290035247804,"w":0.9716548919677734},"size":3.7770230770111086,"orthographic":false}