{"cameraMode":{"drawMode":0,"name":"Shaded","section":"Shading Mode"},"sceneLighting":false,"audioPlay":false,"sceneViewState":{"showFog":false,"showMaterialUpdate":false,"showSkybox":false,"showFlares":false,"showImageEffects":false,"showParticleSystems":false},"in2DMode":false,"pivot":{"x":-1.3842365741729737,"y":0.501695990562439,"z":0.001186966896057129},"rotation":{"x":0.08839923143386841,"y":0.9028192758560181,"z":-0.2241223305463791,"w":0.35630595684051516},"size":7.321118354797363,"orthographic":false}