{"cameraMode":{"drawMode":0,"name":"Shaded","section":"Shading Mode"},"sceneLighting":true,"audioPlay":false,"sceneViewState":{"showFog":false,"showMaterialUpdate":false,"showSkybox":false,"showFlares":false,"showImageEffects":false,"showParticleSystems":false},"in2DMode":false,"pivot":{"x":4.535886287689209,"y":3.0427229404449465,"z":4.569600582122803},"rotation":{"x":0.18819911777973176,"y":-0.19391028583049775,"z":-0.03801022097468376,"w":-0.9620894193649292},"size":12.326081275939942,"orthographic":false}