{"cameraMode":{"drawMode":0,"name":"Shaded","section":"Shading Mode"},"sceneLighting":false,"audioPlay":false,"sceneViewState":{"showFog":false,"showMaterialUpdate":false,"showSkybox":false,"showFlares":false,"showImageEffects":false,"showParticleSystems":false},"in2DMode":false,"pivot":{"x":-15.61031436920166,"y":11.744002342224121,"z":-4.464778900146484},"rotation":{"x":-0.002742116106674075,"y":-0.9392499327659607,"z":0.00731238629668951,"w":-0.3432706296443939},"size":0.000054509811889147386,"orthographic":false}