{"cameraMode":{"drawMode":0,"name":"Shaded","section":"Shading Mode"},"sceneLighting":true,"audioPlay":false,"sceneViewState":{"showFog":false,"showMaterialUpdate":false,"showSkybox":false,"showFlares":false,"showImageEffects":false,"showParticleSystems":false},"in2DMode":false,"pivot":{"x":2.103715419769287,"y":2.530689001083374,"z":0.3837396502494812},"rotation":{"x":0.18344368040561677,"y":-0.059837207198143008,"z":0.011112004518508911,"w":0.9812620282173157},"size":0.47855693101882937,"orthographic":false}