{"cameraMode":{"drawMode":0,"name":"Shaded","section":"Shading Mode"},"sceneLighting":true,"audioPlay":false,"sceneViewState":{"showFog":false,"showMaterialUpdate":false,"showSkybox":false,"showFlares":false,"showImageEffects":false,"showParticleSystems":false},"in2DMode":false,"pivot":{"x":3.2657322883605959,"y":1.2489354610443116,"z":-14.504349708557129},"rotation":{"x":-0.0009279021760448813,"y":0.9989486336708069,"z":-0.022789783775806428,"w":-0.04018062353134155},"size":16.190471649169923,"orthographic":false}