{"cameraMode":{"drawMode":0,"name":"Shaded","section":"Shading Mode"},"sceneLighting":true,"audioPlay":false,"sceneViewState":{"showFog":false,"showMaterialUpdate":false,"showSkybox":false,"showFlares":false,"showImageEffects":false,"showParticleSystems":false},"in2DMode":false,"pivot":{"x":-11.085723876953125,"y":3.561591148376465,"z":-16.57715606689453},"rotation":{"x":-0.03642519563436508,"y":0.9619002938270569,"z":-0.16047580540180207,"w":-0.21833302080631257},"size":7.742224216461182,"orthographic":false}