{"cameraMode":{"drawMode":0,"name":"Shaded","section":"Shading Mode"},"sceneLighting":true,"audioPlay":false,"sceneViewState":{"showFog":false,"showMaterialUpdate":false,"showSkybox":false,"showFlares":false,"showImageEffects":false,"showParticleSystems":false},"in2DMode":false,"pivot":{"x":5.585601806640625,"y":-2.7873754501342775,"z":-1.2118771076202393},"rotation":{"x":0.056242864578962329,"y":0.7190345525741577,"z":-0.0585990846157074,"w":0.6902616620063782},"size":40.010372161865237,"orthographic":false}