{"cameraMode":{"drawMode":0,"name":"Shaded","section":"Shading Mode"},"sceneLighting":false,"audioPlay":false,"sceneViewState":{"showFog":false,"showMaterialUpdate":false,"showSkybox":false,"showFlares":false,"showImageEffects":false,"showParticleSystems":false},"in2DMode":false,"pivot":{"x":0.9163236618041992,"y":1.1619579792022706,"z":-2.2168877124786379},"rotation":{"x":-0.016966968774795533,"y":-0.9243623614311218,"z":-0.04132993146777153,"w":0.37905290722846987},"size":0.6169414520263672,"orthographic":false}