{"cameraMode":{"drawMode":0,"name":"Shaded","section":"Shading Mode"},"sceneLighting":true,"audioPlay":false,"sceneViewState":{"showFog":false,"showMaterialUpdate":false,"showSkybox":false,"showFlares":false,"showImageEffects":false,"showParticleSystems":false},"in2DMode":false,"pivot":{"x":-12.582724571228028,"y":-8.465944290161133,"z":4.34891414642334},"rotation":{"x":0.20003174245357514,"y":-0.5738339424133301,"z":0.14696474373340608,"w":0.7805989384651184},"size":22.989999771118165,"orthographic":false}