{"cameraMode":{"drawMode":0,"name":"Shaded","section":"Shading Mode"},"sceneLighting":true,"audioPlay":false,"sceneViewState":{"showFog":false,"showMaterialUpdate":false,"showSkybox":false,"showFlares":false,"showImageEffects":false,"showParticleSystems":false},"in2DMode":false,"pivot":{"x":-3.6231131553649904,"y":-0.903544008731842,"z":-5.306230545043945},"rotation":{"x":-0.04572976753115654,"y":0.9422220587730408,"z":-0.14414745569229127,"w":-0.2989124357700348},"size":7.742224216461182,"orthographic":false}