{"cameraMode":{"drawMode":0,"name":"Shaded","section":"Shading Mode"},"sceneLighting":false,"audioPlay":false,"sceneViewState":{"showFog":false,"showMaterialUpdate":false,"showSkybox":false,"showFlares":false,"showImageEffects":false,"showParticleSystems":false},"in2DMode":false,"pivot":{"x":-0.2519531846046448,"y":0.5865381956100464,"z":-0.16345526278018952},"rotation":{"x":0.29693782329559328,"y":0.4190484285354614,"z":-0.1472139209508896,"w":0.8453347086906433},"size":0.17260046303272248,"orthographic":false}