{"cameraMode":{"drawMode":0,"name":"Shaded","section":"Shading Mode"},"sceneLighting":false,"audioPlay":false,"sceneViewState":{"showFog":false,"showMaterialUpdate":false,"showSkybox":false,"showFlares":false,"showImageEffects":false,"showParticleSystems":false},"in2DMode":false,"pivot":{"x":1.273506999015808,"y":-0.1440751850605011,"z":-1.1364858150482178},"rotation":{"x":-0.057049233466386798,"y":-0.942197322845459,"z":0.25346171855926516,"w":-0.21173757314682008},"size":4.54391622543335,"orthographic":false}