{"cameraMode":{"drawMode":0,"name":"Shaded","section":"Shading Mode"},"sceneLighting":false,"audioPlay":false,"sceneViewState":{"showFog":false,"showMaterialUpdate":false,"showSkybox":false,"showFlares":false,"showImageEffects":false,"showParticleSystems":false},"in2DMode":false,"pivot":{"x":-0.23891529440879823,"y":0.002043559215962887,"z":-0.3451186418533325},"rotation":{"x":0.00022224608983378857,"y":-0.9929991960525513,"z":0.0017956693191081286,"w":0.11824201792478562},"size":0.8198727965354919,"orthographic":false}