{"cameraMode":{"drawMode":0,"name":"Shaded","section":"Shading Mode"},"sceneLighting":false,"audioPlay":false,"sceneViewState":{"showFog":false,"showMaterialUpdate":false,"showSkybox":false,"showFlares":false,"showImageEffects":false,"showParticleSystems":false},"in2DMode":false,"pivot":{"x":-0.8912306427955627,"y":0.8000631332397461,"z":-1.0059711933135987},"rotation":{"x":-0.00477510504424572,"y":0.9778152108192444,"z":-0.02230299822986126,"w":-0.2084301859140396},"size":4.9832282066345219,"orthographic":false}