{"cameraMode":{"drawMode":0,"name":"Shaded","section":"Shading Mode"},"sceneLighting":false,"audioPlay":false,"sceneViewState":{"showFog":false,"showMaterialUpdate":false,"showSkybox":false,"showFlares":false,"showImageEffects":false,"showParticleSystems":false},"in2DMode":false,"pivot":{"x":-0.7967941761016846,"y":0.14005687832832337,"z":0.4538285434246063},"rotation":{"x":-0.011121164076030255,"y":-0.8273978233337402,"z":0.016391988843679429,"w":-0.561302661895752},"size":0.44860273599624636,"orthographic":false}