{"cameraMode":{"drawMode":0,"name":"Shaded","section":"Shading Mode"},"sceneLighting":false,"audioPlay":false,"sceneViewState":{"showFog":false,"showMaterialUpdate":false,"showSkybox":false,"showFlares":false,"showImageEffects":false,"showParticleSystems":false},"in2DMode":false,"pivot":{"x":0.35224488377571108,"y":0.49343469738960268,"z":-1.2399502992630005},"rotation":{"x":0.12756513059139253,"y":-0.6408538818359375,"z":0.1131744310259819,"w":0.7485015988349915},"size":1.9291985034942628,"orthographic":false}