{"cameraMode":{"drawMode":0,"name":"Shaded","section":"Shading Mode"},"sceneLighting":true,"audioPlay":false,"sceneViewState":{"showFog":false,"showMaterialUpdate":false,"showSkybox":false,"showFlares":false,"showImageEffects":false,"showParticleSystems":false},"in2DMode":false,"pivot":{"x":0.03073294833302498,"y":0.154132679104805,"z":0.13414859771728517},"rotation":{"x":-0.037186600267887118,"y":0.008105556480586529,"z":0.00020462471002247185,"w":0.9993917346000671},"size":0.4486027956008911,"orthographic":false}