{"cameraMode":{"drawMode":0,"name":"Shaded","section":"Shading Mode"},"sceneLighting":false,"audioPlay":false,"sceneViewState":{"showFog":false,"showMaterialUpdate":false,"showSkybox":false,"showFlares":false,"showImageEffects":false,"showParticleSystems":false},"in2DMode":false,"pivot":{"x":-4.742788314819336,"y":-17.074472427368165,"z":22.907630920410158},"rotation":{"x":-0.3084823191165924,"y":0.09734142571687699,"z":-0.03186078369617462,"w":-0.945743203163147},"size":33.55341720581055,"orthographic":false}