{"cameraMode":{"drawMode":0,"name":"Shaded","section":"Shading Mode"},"sceneLighting":false,"audioPlay":false,"sceneViewState":{"showFog":false,"showMaterialUpdate":false,"showSkybox":false,"showFlares":false,"showImageEffects":false,"showParticleSystems":false},"in2DMode":false,"pivot":{"x":20.30372428894043,"y":10.789677619934082,"z":-5.733584403991699},"rotation":{"x":0.005461878143250942,"y":-0.8067837953567505,"z":0.00753894355148077,"w":0.5908436179161072},"size":0.00005543319639400579,"orthographic":false}