{"cameraMode":{"drawMode":0,"name":"Shaded","section":"Shading Mode"},"sceneLighting":false,"audioPlay":false,"sceneViewState":{"showFog":false,"showMaterialUpdate":false,"showSkybox":false,"showFlares":false,"showImageEffects":false,"showParticleSystems":false},"in2DMode":false,"pivot":{"x":-18.433578491210939,"y":2.437795400619507,"z":-106.16627502441406},"rotation":{"x":0.003598228795453906,"y":0.993301510810852,"z":-0.11102388799190521,"w":0.03246530517935753},"size":46.40807342529297,"orthographic":false}