{"cameraMode":{"drawMode":0,"name":"Shaded","section":"Shading Mode"},"sceneLighting":false,"audioPlay":false,"sceneViewState":{"showFog":false,"showMaterialUpdate":false,"showSkybox":false,"showFlares":false,"showImageEffects":false,"showParticleSystems":false},"in2DMode":false,"pivot":{"x":11.578333854675293,"y":-10.142379760742188,"z":-2.157975912094116},"rotation":{"x":-0.12492997944355011,"y":0.19684216380119325,"z":-0.025290708988904954,"w":-0.9721325635910034},"size":0.44860294461250307,"orthographic":false}