{"cameraMode":{"drawMode":0,"name":"Shaded","section":"Shading Mode"},"sceneLighting":false,"audioPlay":false,"sceneViewState":{"showFog":false,"showMaterialUpdate":false,"showSkybox":false,"showFlares":false,"showImageEffects":false,"showParticleSystems":false},"in2DMode":false,"pivot":{"x":-1.2457562685012818,"y":0.5664034485816956,"z":0.22185048460960389},"rotation":{"x":0.10412091016769409,"y":0.7342135906219482,"z":-0.11573739349842072,"w":0.6608902812004089},"size":0.4041658341884613,"orthographic":false}