{"cameraMode":{"drawMode":0,"name":"Shaded","section":"Shading Mode"},"sceneLighting":true,"audioPlay":false,"sceneViewState":{"showFog":false,"showMaterialUpdate":false,"showSkybox":false,"showFlares":false,"showImageEffects":false,"showParticleSystems":false},"in2DMode":false,"pivot":{"x":12.37177848815918,"y":9.855545043945313,"z":-5.1843061447143559},"rotation":{"x":-0.030881039798259736,"y":-0.6839062571525574,"z":0.02890506573021412,"w":-0.7283986210823059},"size":34.46003341674805,"orthographic":false}