{"cameraMode":{"drawMode":0,"name":"Shaded","section":"Shading Mode"},"sceneLighting":false,"audioPlay":false,"sceneViewState":{"showFog":false,"showMaterialUpdate":false,"showSkybox":false,"showFlares":false,"showImageEffects":false,"showParticleSystems":false},"in2DMode":false,"pivot":{"x":-11.153663635253907,"y":-0.9779548645019531,"z":14.697078704833985},"rotation":{"x":0.10471022874116898,"y":-0.8647806644439697,"z":0.202308788895607,"w":0.447589635848999},"size":40.010372161865237,"orthographic":false}