{"cameraMode":{"drawMode":0,"name":"Shaded","section":"Shading Mode"},"sceneLighting":false,"audioPlay":false,"sceneViewState":{"showFog":false,"showMaterialUpdate":false,"showSkybox":false,"showFlares":false,"showImageEffects":false,"showParticleSystems":false},"in2DMode":false,"pivot":{"x":-7.42065954208374,"y":-7.223649501800537,"z":-6.131893634796143},"rotation":{"x":0.1530616730451584,"y":-0.8407359719276428,"z":0.3082287311553955,"w":0.4181017577648163},"size":14.738635063171387,"orthographic":false}