{"cameraMode":{"drawMode":0,"name":"Shaded","section":"Shading Mode"},"sceneLighting":false,"audioPlay":false,"sceneViewState":{"showFog":false,"showMaterialUpdate":false,"showSkybox":false,"showFlares":false,"showImageEffects":false,"showParticleSystems":false},"in2DMode":false,"pivot":{"x":3.008422613143921,"y":1.6338635683059693,"z":2.449568033218384},"rotation":{"x":-0.09809494018554688,"y":-0.8519783616065979,"z":0.1725616306066513,"w":-0.48460838198661806},"size":2.8578855991363527,"orthographic":false}