{"cameraMode":{"drawMode":0,"name":"Shaded","section":"Shading Mode"},"sceneLighting":false,"audioPlay":false,"sceneViewState":{"showFog":false,"showMaterialUpdate":false,"showSkybox":false,"showFlares":false,"showImageEffects":false,"showParticleSystems":false},"in2DMode":false,"pivot":{"x":-7.695064544677734,"y":1.1831080913543702,"z":-3.253286361694336},"rotation":{"x":0.0608375184237957,"y":-0.7857519388198853,"z":0.07829071581363678,"w":0.6105934381484985},"size":1.766150712966919,"orthographic":false}