{"cameraMode":{"drawMode":0,"name":"Shaded","section":"Shading Mode"},"sceneLighting":false,"audioPlay":false,"sceneViewState":{"showFog":false,"showMaterialUpdate":false,"showSkybox":false,"showFlares":false,"showImageEffects":false,"showParticleSystems":false},"in2DMode":false,"pivot":{"x":-0.6297054290771484,"y":0.5537055134773254,"z":0.9492717385292053},"rotation":{"x":-0.08792337030172348,"y":-0.8717734217643738,"z":0.16970834136009217,"w":-0.4511563181877136},"size":0.3825448751449585,"orthographic":false}