{"cameraMode":{"drawMode":0,"name":"Shaded","section":"Shading Mode"},"sceneLighting":false,"audioPlay":false,"sceneViewState":{"showFog":false,"showMaterialUpdate":false,"showSkybox":false,"showFlares":false,"showImageEffects":false,"showParticleSystems":false},"in2DMode":false,"pivot":{"x":0.6580758094787598,"y":0.9664890766143799,"z":0.24592848122119904},"rotation":{"x":-0.09851684421300888,"y":-0.714715838432312,"z":0.10272662341594696,"w":-0.6848517060279846},"size":5.710623741149902,"orthographic":false}