{"cameraMode":{"drawMode":0,"name":"Shaded","section":"Shading Mode"},"sceneLighting":false,"audioPlay":false,"sceneViewState":{"showFog":false,"showMaterialUpdate":false,"showSkybox":false,"showFlares":false,"showImageEffects":false,"showParticleSystems":false},"in2DMode":false,"pivot":{"x":-6.9023284912109379,"y":0.6904884576797485,"z":-33.672210693359378},"rotation":{"x":-0.21472884714603425,"y":-0.7025067806243897,"z":0.2373969554901123,"w":-0.6357554197311401},"size":2.8783650398254396,"orthographic":false}