{"cameraMode":{"drawMode":0,"name":"Shaded","section":"Shading Mode"},"sceneLighting":true,"audioPlay":false,"sceneViewState":{"showFog":false,"showMaterialUpdate":false,"showSkybox":false,"showFlares":false,"showImageEffects":false,"showParticleSystems":false},"in2DMode":false,"pivot":{"x":-30.008628845214845,"y":10.984907150268555,"z":-7.940115451812744},"rotation":{"x":0.003525347216054797,"y":0.9775291681289673,"z":-0.2102038711309433,"w":0.016424022614955903},"size":12.564491271972657,"orthographic":false}