{"cameraMode":{"drawMode":0,"name":"Shaded","section":"Shading Mode"},"sceneLighting":false,"audioPlay":false,"sceneViewState":{"showFog":false,"showMaterialUpdate":false,"showSkybox":false,"showFlares":false,"showImageEffects":false,"showParticleSystems":false},"in2DMode":false,"pivot":{"x":614.806884765625,"y":325.8203430175781,"z":-68.39457702636719},"rotation":{"x":-0.30730074644088747,"y":0.09057317674160004,"z":-0.029382729902863504,"w":-0.9468954205513},"size":268.6005554199219,"orthographic":false}