{"cameraMode":{"drawMode":0,"name":"Shaded","section":"Shading Mode"},"sceneLighting":false,"audioPlay":false,"sceneViewState":{"showFog":false,"showMaterialUpdate":false,"showSkybox":false,"showFlares":false,"showImageEffects":false,"showParticleSystems":false},"in2DMode":false,"pivot":{"x":2.985038995742798,"y":-0.46939894556999209,"z":2.9357471466064455},"rotation":{"x":-0.08478079736232758,"y":-0.37974095344543459,"z":0.03490590676665306,"w":-0.9205933809280396},"size":5.710623741149902,"orthographic":false}