{"cameraMode":{"drawMode":0,"name":"Shaded","section":"Shading Mode"},"sceneLighting":false,"audioPlay":false,"sceneViewState":{"showFog":false,"showMaterialUpdate":false,"showSkybox":false,"showFlares":false,"showImageEffects":false,"showParticleSystems":false},"in2DMode":false,"pivot":{"x":4.171928882598877,"y":33.05919647216797,"z":-25.511943817138673},"rotation":{"x":0.1203249990940094,"y":-0.2540239095687866,"z":0.03195707127451897,"w":0.9592488408088684},"size":23.39278793334961,"orthographic":false}