{"cameraMode":{"drawMode":0,"name":"Shaded","section":"Shading Mode"},"sceneLighting":false,"audioPlay":false,"sceneViewState":{"showFog":false,"showMaterialUpdate":false,"showSkybox":false,"showFlares":false,"showImageEffects":false,"showParticleSystems":false},"in2DMode":false,"pivot":{"x":22.08487319946289,"y":20.25545883178711,"z":-28.15821075439453},"rotation":{"x":-0.029048539698123933,"y":-0.783993124961853,"z":0.036685772240161899,"w":-0.6190670728683472},"size":10.135017395019532,"orthographic":false}