{"cameraMode":{"drawMode":0,"name":"Shaded","section":"Shading Mode"},"sceneLighting":false,"audioPlay":false,"sceneViewState":{"showFog":false,"showMaterialUpdate":false,"showSkybox":false,"showFlares":false,"showImageEffects":false,"showParticleSystems":false},"in2DMode":false,"pivot":{"x":-0.03673110902309418,"y":0.3121890723705292,"z":-8.803027153015137},"rotation":{"x":0.0006339566316455603,"y":-0.9896244406700134,"z":0.14381206035614015,"w":0.00538683170452714},"size":14.738635063171387,"orthographic":false}