{"cameraMode":{"drawMode":0,"name":"Shaded","section":"Shading Mode"},"sceneLighting":false,"audioPlay":false,"sceneViewState":{"showFog":false,"showMaterialUpdate":false,"showSkybox":false,"showFlares":false,"showImageEffects":false,"showParticleSystems":false},"in2DMode":false,"pivot":{"x":1.4997870922088624,"y":-0.08485889434814453,"z":-1.0588464736938477},"rotation":{"x":-0.06282541900873184,"y":-0.9372833967208862,"z":0.24461370706558228,"w":-0.24038191139698029},"size":4.54391622543335,"orthographic":false}