{"cameraMode":{"drawMode":0,"name":"Shaded","section":"Shading Mode"},"sceneLighting":true,"audioPlay":false,"sceneViewState":{"showFog":false,"showMaterialUpdate":false,"showSkybox":false,"showFlares":false,"showImageEffects":false,"showParticleSystems":false},"in2DMode":false,"pivot":{"x":-11.289135932922364,"y":0.9579367637634277,"z":-1.5037596225738526},"rotation":{"x":-0.020209340378642083,"y":0.7720115780830383,"z":-0.024559447541832925,"w":-0.6348379850387573},"size":12.564491271972657,"orthographic":false}