{"cameraMode":{"drawMode":0,"name":"Shaded","section":"Shading Mode"},"sceneLighting":true,"audioPlay":false,"sceneViewState":{"showFog":false,"showMaterialUpdate":false,"showSkybox":false,"showFlares":false,"showImageEffects":false,"showParticleSystems":false},"in2DMode":false,"pivot":{"x":1.744551181793213,"y":2.499028205871582,"z":-0.18719609081745149},"rotation":{"x":0.13005445897579194,"y":-0.7853890657424927,"z":0.17625610530376435,"w":0.579149603843689},"size":0.47855693101882937,"orthographic":false}