{"cameraMode":{"drawMode":0,"name":"Shaded","section":"Shading Mode"},"sceneLighting":false,"audioPlay":false,"sceneViewState":{"showFog":false,"showMaterialUpdate":false,"showSkybox":false,"showFlares":false,"showImageEffects":false,"showParticleSystems":false},"in2DMode":false,"pivot":{"x":18.957317352294923,"y":15.12598705291748,"z":-24.68347930908203},"rotation":{"x":-0.4198131263256073,"y":-0.43690693378448489,"z":0.24193094670772553,"w":-0.7579031586647034},"size":10.135017395019532,"orthographic":false}