{"cameraMode":{"drawMode":0,"name":"Shaded","section":"Shading Mode"},"sceneLighting":true,"audioPlay":false,"sceneViewState":{"showFog":true,"showMaterialUpdate":true,"showSkybox":true,"showFlares":true,"showImageEffects":true,"showParticleSystems":true},"in2DMode":false,"pivot":{"x":-9.408808708190918,"y":1.6330124139785767,"z":1.6702470779418946},"rotation":{"x":0.015593273565173149,"y":0.871599018573761,"z":-0.027720574289560319,"w":0.48923343420028689},"size":4.5928521156311039,"orthographic":false}