{"cameraMode":{"drawMode":0,"name":"Shaded","section":"Shading Mode"},"sceneLighting":false,"audioPlay":false,"sceneViewState":{"showFog":false,"showMaterialUpdate":false,"showSkybox":false,"showFlares":false,"showImageEffects":false,"showParticleSystems":false},"in2DMode":false,"pivot":{"x":11.346961975097657,"y":-10.41156005859375,"z":-1.9085001945495606},"rotation":{"x":-0.08528583496809006,"y":0.8198249340057373,"z":-0.12667842209339143,"w":-0.5519068837165833},"size":0.44860294461250307,"orthographic":false}