{"cameraMode":{"drawMode":0,"name":"Shaded","section":"Shading Mode"},"sceneLighting":false,"audioPlay":false,"sceneViewState":{"showFog":false,"showMaterialUpdate":false,"showSkybox":false,"showFlares":false,"showImageEffects":false,"showParticleSystems":false},"in2DMode":false,"pivot":{"x":-0.9186725616455078,"y":0.15778963267803193,"z":1.9723628759384156},"rotation":{"x":-0.00018322348478250206,"y":-0.8094687461853027,"z":0.00024929354549385607,"w":-0.587197482585907},"size":0.44860273599624636,"orthographic":false}