{"cameraMode":{"drawMode":0,"name":"Shaded","section":"Shading Mode"},"sceneLighting":false,"audioPlay":false,"sceneViewState":{"showFog":false,"showMaterialUpdate":false,"showSkybox":false,"showFlares":false,"showImageEffects":false,"showParticleSystems":false},"in2DMode":false,"pivot":{"x":-4.826582908630371,"y":-8.519878387451172,"z":-15.024493217468262},"rotation":{"x":-0.042303621768951419,"y":0.9528303742408752,"z":-0.25633955001831057,"w":-0.15720343589782716},"size":22.989999771118165,"orthographic":false}