{"cameraMode":{"drawMode":0,"name":"Shaded","section":"Shading Mode"},"sceneLighting":true,"audioPlay":false,"sceneViewState":{"showFog":false,"showMaterialUpdate":false,"showSkybox":false,"showFlares":false,"showImageEffects":false,"showParticleSystems":false},"in2DMode":false,"pivot":{"x":30.49304962158203,"y":-1.2712565660476685,"z":-32.887420654296878},"rotation":{"x":-0.09549804776906967,"y":-0.3361377418041229,"z":-0.03446188569068909,"w":0.9364382028579712},"size":0.5249778628349304,"orthographic":false}