{"cameraMode":{"drawMode":0,"name":"Shaded","section":"Shading Mode"},"sceneLighting":false,"audioPlay":false,"sceneViewState":{"showFog":false,"showMaterialUpdate":false,"showSkybox":false,"showFlares":false,"showImageEffects":false,"showParticleSystems":false},"in2DMode":false,"pivot":{"x":-23.172327041625978,"y":0.9019943475723267,"z":-25.419795989990236},"rotation":{"x":-0.10714209824800492,"y":-0.39931946992874148,"z":0.04713386669754982,"w":-0.9094051718711853},"size":2.8783650398254396,"orthographic":false}