{"cameraMode":{"drawMode":0,"name":"Shaded","section":"Shading Mode"},"sceneLighting":true,"audioPlay":false,"sceneViewState":{"showFog":false,"showMaterialUpdate":false,"showSkybox":false,"showFlares":false,"showImageEffects":false,"showParticleSystems":false},"in2DMode":false,"pivot":{"x":-12.191215515136719,"y":-3.0740277767181398,"z":3.855693817138672},"rotation":{"x":-0.27117806673049929,"y":0.35088908672332766,"z":-0.10700136423110962,"w":-0.8899251222610474},"size":35.86384963989258,"orthographic":false}