{"cameraMode":{"drawMode":0,"name":"Shaded","section":"Shading Mode"},"sceneLighting":false,"audioPlay":false,"sceneViewState":{"showFog":false,"showMaterialUpdate":false,"showSkybox":false,"showFlares":false,"showImageEffects":false,"showParticleSystems":false},"in2DMode":false,"pivot":{"x":-19.318603515625,"y":0.3279348313808441,"z":-13.121941566467286},"rotation":{"x":0.2599494755268097,"y":0.13905759155750276,"z":-0.037885770201683047,"w":0.954826831817627},"size":46.40807342529297,"orthographic":false}