{"cameraMode":{"drawMode":0,"name":"Shaded","section":"Shading Mode"},"sceneLighting":false,"audioPlay":false,"sceneViewState":{"showFog":false,"showMaterialUpdate":false,"showSkybox":false,"showFlares":false,"showImageEffects":false,"showParticleSystems":false},"in2DMode":false,"pivot":{"x":26.309612274169923,"y":-5.720987319946289,"z":-13.003120422363282},"rotation":{"x":0.3319973945617676,"y":0.6478204131126404,"z":-0.3741713762283325,"w":0.574701189994812},"size":23.39278793334961,"orthographic":false}