{"cameraMode":{"drawMode":0,"name":"Shaded","section":"Shading Mode"},"sceneLighting":false,"audioPlay":false,"sceneViewState":{"showFog":false,"showMaterialUpdate":false,"showSkybox":false,"showFlares":false,"showImageEffects":false,"showParticleSystems":false},"in2DMode":false,"pivot":{"x":11.929975509643555,"y":6.171653747558594,"z":19.629432678222658},"rotation":{"x":-0.0036871186457574369,"y":0.6358351707458496,"z":-0.003090682439506054,"w":-0.7718921303749085},"size":5.431496620178223,"orthographic":false}