{"cameraMode":{"drawMode":0,"name":"Shaded","section":"Shading Mode"},"sceneLighting":false,"audioPlay":false,"sceneViewState":{"showFog":false,"showMaterialUpdate":false,"showSkybox":false,"showFlares":false,"showImageEffects":false,"showParticleSystems":false},"in2DMode":false,"pivot":{"x":-7.866637706756592,"y":1.2286242246627808,"z":-2.6464390754699709},"rotation":{"x":0.08342011272907257,"y":-0.667219877243042,"z":0.07559099048376084,"w":0.7363467216491699},"size":1.766150712966919,"orthographic":false}