{"cameraMode":{"drawMode":0,"name":"Shaded","section":"Shading Mode"},"sceneLighting":false,"audioPlay":false,"sceneViewState":{"showFog":false,"showMaterialUpdate":false,"showSkybox":false,"showFlares":false,"showImageEffects":false,"showParticleSystems":false},"in2DMode":false,"pivot":{"x":-3.420518398284912,"y":8.24134349822998,"z":-2.193060874938965},"rotation":{"x":-0.12083955109119415,"y":-0.7009866237640381,"z":0.12233715504407883,"w":-0.6921737790107727},"size":0.46478766202926638,"orthographic":false}