{"cameraMode":{"drawMode":0,"name":"Shaded","section":"Shading Mode"},"sceneLighting":false,"audioPlay":false,"sceneViewState":{"showFog":false,"showMaterialUpdate":false,"showSkybox":false,"showFlares":false,"showImageEffects":false,"showParticleSystems":false},"in2DMode":false,"pivot":{"x":-1.6438119411468506,"y":6.767782211303711,"z":-28.651901245117189},"rotation":{"x":0.27135512232780459,"y":0.16984327137470246,"z":-0.04873780161142349,"w":0.9461414813995361},"size":46.40807342529297,"orthographic":false}