{"cameraMode":{"drawMode":0,"name":"Shaded","section":"Shading Mode"},"sceneLighting":false,"audioPlay":false,"sceneViewState":{"showFog":false,"showMaterialUpdate":false,"showSkybox":false,"showFlares":false,"showImageEffects":false,"showParticleSystems":false},"in2DMode":false,"pivot":{"x":-4.6425862312316898,"y":-4.111299514770508,"z":-17.92068099975586},"rotation":{"x":-0.016339654102921487,"y":0.9835852980613709,"z":-0.13540761172771455,"w":-0.11861352622509003},"size":22.989999771118165,"orthographic":false}